{
  "probe_type": "coe_dual_mlp",
  "tasks": [
    "alpaca_5k_train"
  ],
  "datasets": [
    "alpaca_5k_train"
  ],
  "max_samples": 4000,
  "max_samples_k": "4.0k",
  "timestamp": "20251206_222753",
  "initial_lr": 0.0001,
  "best_val_loss": 0.6604396871158055,
  "best_val_acc": 0.67125,
  "best_val_auroc": 0.6005944931163955,
  "epochs": 50,
  "train_losses": [
    0.7377053809165954,
    0.7213767385482788,
    0.7098182630538941,
    0.7022086405754089,
    0.697191276550293,
    0.694292573928833,
    0.6923653960227967,
    0.6911196494102478,
    0.6902392745018006,
    0.6894889569282532,
    0.6888646841049194,
    0.6882233619689941,
    0.6875999093055725,
    0.6870024013519287,
    0.686375150680542,
    0.685778911113739,
    0.685177640914917,
    0.6845857381820679,
    0.6840275835990905,
    0.6834697961807251,
    0.682913453578949,
    0.682305212020874,
    0.6817357778549195,
    0.6811541628837585,
    0.6806361317634583,
    0.6800692057609559,
    0.6794875001907349,
    0.6789586544036865,
    0.6784229969978333,
    0.6778182482719421,
    0.6773381352424621,
    0.676758885383606,
    0.6761946558952332,
    0.6757162427902221,
    0.675125777721405,
    0.6746197986602783,
    0.6740538287162781,
    0.6735341453552246,
    0.6729834818840027,
    0.6724589943885804,
    0.6719418334960937,
    0.6713993167877197,
    0.6708805060386658,
    0.6703582239151001,
    0.6698985862731933,
    0.6693600392341614,
    0.6688576698303222,
    0.6683500933647156,
    0.6678060030937195,
    0.6673182177543641
  ],
  "val_losses": [
    0.7138918893677848,
    0.7036519646644592,
    0.6966547199657985,
    0.6922279936926705,
    0.689862711088998,
    0.6883582643100193,
    0.687407374382019,
    0.6866561004093715,
    0.6860113314219883,
    0.6853561316217694,
    0.6848083393914359,
    0.6840034978730338,
    0.6834487915039062,
    0.6826469387326922,
    0.6819966265133449,
    0.6813979319163731,
    0.6806597113609314,
    0.6799684677805219,
    0.6793572051184518,
    0.6787295426641192,
    0.6780181186539787,
    0.6774099213736398,
    0.6768168807029724,
    0.6761461070605687,
    0.6753734775951931,
    0.674852694783892,
    0.6742201958383832,
    0.6736868619918823,
    0.6731093270438058,
    0.6723066142627171,
    0.6716959476470947,
    0.671033331326076,
    0.6704959358487811,
    0.6698221479143415,
    0.6693125537463597,
    0.6686443090438843,
    0.6681060024670192,
    0.6674565587724958,
    0.6669028997421265,
    0.6663042306900024,
    0.6657317110470363,
    0.6651226111820766,
    0.6645361355372837,
    0.6640136923108783,
    0.6632121631077358,
    0.6627792375428336,
    0.6621897731508527,
    0.66151476757867,
    0.6610334856169564,
    0.6604396871158055
  ],
  "val_accuracies": [
    0.43,
    0.44,
    0.45375,
    0.48625,
    0.515,
    0.54125,
    0.55125,
    0.56,
    0.56125,
    0.56625,
    0.57125,
    0.5725,
    0.57625,
    0.57875,
    0.57875,
    0.5875,
    0.59,
    0.59375,
    0.59875,
    0.59875,
    0.60375,
    0.6075,
    0.61,
    0.615,
    0.61875,
    0.61875,
    0.6225,
    0.6275,
    0.62625,
    0.6325,
    0.63625,
    0.63875,
    0.64,
    0.64375,
    0.645,
    0.64625,
    0.64375,
    0.645,
    0.64625,
    0.65125,
    0.65625,
    0.655,
    0.6575,
    0.65625,
    0.66,
    0.65875,
    0.66,
    0.67,
    0.66375,
    0.67125
  ],
  "val_aurocs": [
    0.46625990821860663,
    0.5050670977610903,
    0.5624739257405089,
    0.5969180225281602,
    0.6014419065498541,
    0.599290780141844,
    0.5984911695174524,
    0.5976307189542484,
    0.5967702683910444,
    0.596048880545126,
    0.5954665554164928,
    0.595875052148519,
    0.5956751494924211,
    0.5961444861632597,
    0.5961357947434293,
    0.5958402864691976,
    0.59590112640801,
    0.5962227089417327,
    0.5962400917813934,
    0.5959880406063134,
    0.5963704630788486,
    0.5960923376442775,
    0.5960836462244472,
    0.5962487832012238,
    0.5969962453066333,
    0.5968832568488388,
    0.5966398970935892,
    0.5964313030176609,
    0.5965182172159644,
    0.5975524961757752,
    0.597595953274927,
    0.5980826727854263,
    0.5979436100681408,
    0.5984303295786401,
    0.5979783757474622,
    0.598582429425671,
    0.5982565011820331,
    0.5988040606313447,
    0.5986041579752468,
    0.5986823807537198,
    0.5993342372409958,
    0.5995080656376026,
    0.5994385342789599,
    0.5992473230426923,
    0.6005597274370741,
    0.5999860937282715,
    0.600046933667084,
    0.6007943957724934,
    0.6002120706438604,
    0.6005944931163955
  ],
  "learning_rates": [
    0.0001,
    0.0001,
    0.0001,
    0.0001,
    0.0001,
    0.0001,
    0.0001,
    0.0001,
    0.0001,
    0.0001,
    0.0001,
    0.0001,
    0.0001,
    0.0001,
    0.0001,
    0.0001,
    0.0001,
    0.0001,
    0.0001,
    0.0001,
    0.0001,
    0.0001,
    0.0001,
    0.0001,
    0.0001,
    0.0001,
    0.0001,
    0.0001,
    0.0001,
    0.0001,
    0.0001,
    0.0001,
    0.0001,
    0.0001,
    0.0001,
    0.0001,
    0.0001,
    0.0001,
    0.0001,
    0.0001,
    0.0001,
    0.0001,
    0.0001,
    0.0001,
    0.0001,
    0.0001,
    0.0001,
    0.0001,
    0.0001,
    0.0001
  ]
}