{
  "probe_type": "max",
  "tasks": [
    "mmlu_test"
  ],
  "datasets": [
    "mmlu_test"
  ],
  "max_samples": 10000,
  "max_samples_k": "10.0k",
  "timestamp": "20251206_193320",
  "initial_lr": 0.0001,
  "best_val_loss": 0.5505801346153021,
  "best_val_acc": 0.712,
  "best_val_auroc": 0.7146965253710121,
  "epochs": 48,
  "train_losses": [
    0.6146236147199359,
    0.5892013708750407,
    0.5808748839393495,
    0.5741890403959486,
    0.5698855235463097,
    0.5681933954594627,
    0.5624477924808623,
    0.5593931239748758,
    0.5577793949180179,
    0.5558244557607741,
    0.5521682973891969,
    0.5509171055422889,
    0.5493667910969446,
    0.5481216950075967,
    0.5454423810754504,
    0.5445378607227689,
    0.5430755515893301,
    0.5411446364152999,
    0.5396773862460303,
    0.5371469902613807,
    0.5359610295484937,
    0.5345781994244408,
    0.5334421027274359,
    0.5317225654919943,
    0.5319495924881527,
    0.5298260067190442,
    0.5285435252719455,
    0.5271528921430073,
    0.5293009782594348,
    0.5252912044525146,
    0.5243768166928064,
    0.5237600193137214,
    0.5211158825291528,
    0.5221764383808015,
    0.519174765972864,
    0.5195894463667794,
    0.5175771405772557,
    0.5168375306659274,
    0.5155936191006313,
    0.5154953390832931,
    0.5143228438165452,
    0.5146034766757299,
    0.5119432485292829,
    0.514503760943337,
    0.5114259587393867,
    0.5093714788792625,
    0.5073584748639001,
    0.5081944631205665
  ],
  "val_losses": [
    0.5901408493518829,
    0.5791561901569366,
    0.5746685490012169,
    0.5727172810584307,
    0.5696742739528418,
    0.5697273928672075,
    0.5676337145268917,
    0.5656782723963261,
    0.5657683238387108,
    0.5639781132340431,
    0.5621312242001295,
    0.5644449759274721,
    0.5609109401702881,
    0.5620697047561407,
    0.561316316947341,
    0.5597362145781517,
    0.5593523513525724,
    0.5584804695099592,
    0.5580347124487162,
    0.5567082092165947,
    0.556952303275466,
    0.5598168186843395,
    0.5551646146923304,
    0.5572147145867348,
    0.5555368717759848,
    0.5547139067202806,
    0.5555561240762472,
    0.5536157172173262,
    0.5538362432271242,
    0.5616379491984844,
    0.553520742803812,
    0.5543067250400782,
    0.5531683061271906,
    0.5536219030618668,
    0.5524980649352074,
    0.5519249439239502,
    0.5524413604289293,
    0.5520073492079973,
    0.5517316814512014,
    0.5505801346153021,
    0.5566441640257835,
    0.550950450822711,
    0.5529221948236227,
    0.5535482503473759,
    0.5507143549621105,
    0.551049429923296,
    0.5520504470914602,
    0.5514878761023283
  ],
  "val_accuracies": [
    0.698,
    0.7025,
    0.706,
    0.7,
    0.7075,
    0.7015,
    0.705,
    0.707,
    0.7015,
    0.707,
    0.707,
    0.704,
    0.7085,
    0.706,
    0.7055,
    0.709,
    0.707,
    0.709,
    0.712,
    0.7135,
    0.7125,
    0.708,
    0.7105,
    0.707,
    0.712,
    0.713,
    0.709,
    0.7125,
    0.7125,
    0.709,
    0.7125,
    0.7155,
    0.7145,
    0.7155,
    0.712,
    0.716,
    0.714,
    0.714,
    0.712,
    0.712,
    0.71,
    0.7155,
    0.712,
    0.7125,
    0.715,
    0.713,
    0.712,
    0.7155
  ],
  "val_aurocs": [
    0.6287170828519801,
    0.6551449983708049,
    0.6672152611155544,
    0.6745780384490061,
    0.6791374152077965,
    0.6831375336947184,
    0.6873147901300393,
    0.6906626381113186,
    0.6915607689801238,
    0.6943049260937824,
    0.6964459847744305,
    0.6973583340738766,
    0.6984661867946325,
    0.7002944400011849,
    0.7007885304659498,
    0.6999970378269498,
    0.7014579815752837,
    0.7026392961876833,
    0.7037317456085785,
    0.7055457803844901,
    0.7052258656950738,
    0.7046962291537071,
    0.7079344767321307,
    0.7063254243312894,
    0.7083989454663941,
    0.7085565330726621,
    0.7085434995112414,
    0.710513937024201,
    0.7098646286916083,
    0.7097331082081816,
    0.7101407032198821,
    0.709425042210966,
    0.7108433306673775,
    0.7100731656743386,
    0.7125436179981635,
    0.7127805918421755,
    0.712416836991617,
    0.7126917266506709,
    0.7129109274563821,
    0.7146965253710121,
    0.713050742024349,
    0.7137284872182232,
    0.7131751532924553,
    0.7126940963891109,
    0.7141799223910662,
    0.7144536271808999,
    0.714555525933825,
    0.7140531413845198
  ],
  "learning_rates": [
    0.0001,
    0.0001,
    0.0001,
    0.0001,
    0.0001,
    0.0001,
    0.0001,
    0.0001,
    0.0001,
    0.0001,
    0.0001,
    0.0001,
    0.0001,
    0.0001,
    0.0001,
    0.0001,
    0.0001,
    0.0001,
    0.0001,
    0.0001,
    0.0001,
    0.0001,
    0.0001,
    0.0001,
    0.0001,
    0.0001,
    0.0001,
    0.0001,
    0.0001,
    0.0001,
    0.0001,
    0.0001,
    0.0001,
    0.0001,
    0.0001,
    0.0001,
    0.0001,
    0.0001,
    0.0001,
    0.0001,
    0.0001,
    0.0001,
    0.0001,
    0.0001,
    0.0001,
    0.0001,
    5e-05,
    5e-05
  ]
}