{
  "probe_type": "hs_last_mlp",
  "tasks": [
    "mmlu_test"
  ],
  "datasets": [
    "mmlu_test"
  ],
  "max_samples": 10000,
  "max_samples_k": "10.0k",
  "timestamp": "20251206_031430",
  "initial_lr": 0.0001,
  "best_val_loss": 0.6158689558506012,
  "best_val_acc": 0.6575,
  "best_val_auroc": 0.6887438385158459,
  "epochs": 50,
  "train_losses": [
    0.6934935800612919,
    0.6620045256993127,
    0.6501718882530455,
    0.6416631719422718,
    0.6341026132068937,
    0.6278504681965661,
    0.6216745991555471,
    0.6169708626610892,
    0.6122598099330115,
    0.6078441786387611,
    0.6039691974246313,
    0.6001198083635361,
    0.5956060753928291,
    0.5932770428203401,
    0.5890218785830906,
    0.5851924760001046,
    0.582856571863568,
    0.5783288805257707,
    0.5774292510653299,
    0.5739912873222714,
    0.5710999833212959,
    0.5683870315551758,
    0.5651564550778222,
    0.5633604938075656,
    0.560416651150537,
    0.556992051620332,
    0.5557220686995794,
    0.5542211617742266,
    0.5510313227063134,
    0.548891693353653,
    0.5469279620382521,
    0.5438833837471311,
    0.5420421995813884,
    0.5398026662213462,
    0.5375322340026735,
    0.5367276952380226,
    0.5348960922824012,
    0.5320652179301731,
    0.5303988759479825,
    0.5279277307646615,
    0.5261682338184781,
    0.5240997813996815,
    0.5238302671720111,
    0.5202794420340705,
    0.5193791152938964,
    0.5170405615889837,
    0.5151683399601589,
    0.514054380712055,
    0.51144021323749,
    0.5101158751381768
  ],
  "val_losses": [
    0.6662341021001339,
    0.6562301926314831,
    0.6502607874572277,
    0.6471591703593731,
    0.6462556272745132,
    0.6431213021278381,
    0.6405689604580402,
    0.6406955942511559,
    0.6403227411210537,
    0.6376811824738979,
    0.6387740820646286,
    0.6374134309589863,
    0.6354904882609844,
    0.6381475813686848,
    0.6346482634544373,
    0.6339071244001389,
    0.6321550644934177,
    0.6328102424740791,
    0.631468053907156,
    0.6308347322046757,
    0.6302134357392788,
    0.6301508210599422,
    0.6285409592092037,
    0.6270412541925907,
    0.629064604640007,
    0.6268126107752323,
    0.6285297498106956,
    0.6248977109789848,
    0.6267042756080627,
    0.6267989762127399,
    0.6239340268075466,
    0.6246172189712524,
    0.6245582662522793,
    0.6238713525235653,
    0.6223790720105171,
    0.6230160109698772,
    0.6213176883757114,
    0.6208952739834785,
    0.621897280216217,
    0.6194221042096615,
    0.6213751323521137,
    0.6195029765367508,
    0.6192060708999634,
    0.6198925413191319,
    0.6191037259995937,
    0.618527740240097,
    0.6171364225447178,
    0.6173094473779202,
    0.6158689558506012,
    0.6164475306868553
  ],
  "val_accuracies": [
    0.624,
    0.632,
    0.643,
    0.648,
    0.6505,
    0.654,
    0.6435,
    0.646,
    0.6495,
    0.6515,
    0.6465,
    0.651,
    0.656,
    0.6495,
    0.651,
    0.6555,
    0.6575,
    0.656,
    0.658,
    0.65,
    0.6585,
    0.6595,
    0.6565,
    0.659,
    0.653,
    0.6565,
    0.6565,
    0.6605,
    0.644,
    0.656,
    0.658,
    0.651,
    0.6495,
    0.6495,
    0.6585,
    0.6595,
    0.664,
    0.664,
    0.6565,
    0.6615,
    0.6505,
    0.6565,
    0.6565,
    0.649,
    0.6565,
    0.6635,
    0.656,
    0.6625,
    0.6575,
    0.6575
  ],
  "val_aurocs": [
    0.656038846352354,
    0.6723570133196964,
    0.6834678087607899,
    0.6899441737574044,
    0.6915753985728559,
    0.6936836797022601,
    0.6956818709130598,
    0.6958748242112591,
    0.6944353689314412,
    0.6955291655420922,
    0.6946366085676,
    0.6928503108560498,
    0.6969774990411524,
    0.6880986879175721,
    0.6962287692183853,
    0.6946981642210133,
    0.6954131568106595,
    0.6976078526073555,
    0.6951302375574717,
    0.6938505902240152,
    0.6937937696208645,
    0.6941548172033847,
    0.6951562803339157,
    0.6961956238665474,
    0.6905680166294965,
    0.6941039154130622,
    0.6917186338432983,
    0.6970727919276863,
    0.688601787007969,
    0.6879116534322012,
    0.6927343021246171,
    0.6892682453324241,
    0.6896068014261971,
    0.688211145361308,
    0.6908793461842598,
    0.6908260768688059,
    0.6940399922345176,
    0.6926709708273553,
    0.6899234579125058,
    0.6914718193483624,
    0.6842786861182532,
    0.6877980122258998,
    0.6884727568883143,
    0.6845840968601882,
    0.6877459266730117,
    0.6882075940736112,
    0.6884680218380519,
    0.6898920882045163,
    0.6887438385158459,
    0.6869184766396296
  ],
  "learning_rates": [
    0.0001,
    0.0001,
    0.0001,
    0.0001,
    0.0001,
    0.0001,
    0.0001,
    0.0001,
    0.0001,
    0.0001,
    0.0001,
    0.0001,
    0.0001,
    0.0001,
    0.0001,
    0.0001,
    0.0001,
    0.0001,
    0.0001,
    0.0001,
    0.0001,
    0.0001,
    0.0001,
    0.0001,
    0.0001,
    0.0001,
    0.0001,
    0.0001,
    0.0001,
    0.0001,
    0.0001,
    0.0001,
    0.0001,
    0.0001,
    0.0001,
    0.0001,
    0.0001,
    0.0001,
    0.0001,
    0.0001,
    0.0001,
    0.0001,
    0.0001,
    0.0001,
    0.0001,
    0.0001,
    0.0001,
    0.0001,
    0.0001,
    0.0001
  ]
}