{
  "probe_type": "mean",
  "tasks": [
    "mmlu_test"
  ],
  "datasets": [
    "mmlu_test"
  ],
  "max_samples": 10000,
  "max_samples_k": "10.0k",
  "timestamp": "20251206_032353",
  "initial_lr": 0.0001,
  "best_val_loss": 0.5709453299641609,
  "best_val_acc": 0.7025,
  "best_val_auroc": 0.7068932689175487,
  "epochs": 50,
  "train_losses": [
    0.6233012714083233,
    0.599551154507531,
    0.5923548738161722,
    0.5884207912853786,
    0.5835197861232455,
    0.5813431853339786,
    0.5785857808022272,
    0.5764173136817085,
    0.5746078448636192,
    0.5729057306335086,
    0.570675151688712,
    0.5704261433510553,
    0.5674404728980291,
    0.5679278983956292,
    0.5657368680787465,
    0.5650773956662133,
    0.5639559030532837,
    0.5641726539248512,
    0.5618828885138981,
    0.5615097104556976,
    0.5603630135929774,
    0.5594934300770835,
    0.5591017334234147,
    0.5579704401038942,
    0.5574441556892697,
    0.5567015631804391,
    0.5563064179723225,
    0.5554317647502536,
    0.5541425678465102,
    0.5542351395364792,
    0.5538302981664264,
    0.5526323422553048,
    0.5523892248433734,
    0.5522048161143348,
    0.5507344948867011,
    0.5496795144346025,
    0.5496043406781697,
    0.5490911773272923,
    0.5479712420039706,
    0.5481621869026668,
    0.5473847975806584,
    0.5476000498211573,
    0.5469301896435874,
    0.5459806365626199,
    0.5462599623770941,
    0.5459637528374082,
    0.5443550423970298,
    0.5445341836838495,
    0.5442191192081997,
    0.5428860547050597
  ],
  "val_losses": [
    0.618946261703968,
    0.6129650436341763,
    0.6076162904500961,
    0.6042618714272976,
    0.6007418148219585,
    0.5997164472937584,
    0.5962859839200974,
    0.5950941555202007,
    0.5942593105137348,
    0.5925222150981426,
    0.5915276408195496,
    0.5897928401827812,
    0.5889911912381649,
    0.587372187525034,
    0.5870826207101345,
    0.5860951207578182,
    0.5859926305711269,
    0.5841504745185375,
    0.5841843709349632,
    0.5828918851912022,
    0.5826948881149292,
    0.5819519199430943,
    0.5813718251883984,
    0.5821220129728317,
    0.5811794064939022,
    0.5802943371236324,
    0.5789717249572277,
    0.5780663229525089,
    0.5793545991182327,
    0.5771886184811592,
    0.5770725645124912,
    0.5766633711755276,
    0.5762178115546703,
    0.575730349868536,
    0.575959574431181,
    0.575415275990963,
    0.5768443048000336,
    0.5747295133769512,
    0.5743690058588982,
    0.5742392055690289,
    0.5731452479958534,
    0.5728663690388203,
    0.5726962238550186,
    0.5738136880099773,
    0.5729369036853313,
    0.5725525803864002,
    0.5713502839207649,
    0.5718445219099522,
    0.5717338100075722,
    0.5709453299641609
  ],
  "val_accuracies": [
    0.679,
    0.679,
    0.679,
    0.679,
    0.6775,
    0.6785,
    0.68,
    0.6805,
    0.6815,
    0.6855,
    0.6855,
    0.687,
    0.69,
    0.6905,
    0.691,
    0.69,
    0.6885,
    0.695,
    0.691,
    0.6955,
    0.696,
    0.697,
    0.6985,
    0.69,
    0.692,
    0.6965,
    0.7015,
    0.703,
    0.693,
    0.7055,
    0.7025,
    0.7025,
    0.7045,
    0.705,
    0.7005,
    0.703,
    0.6945,
    0.703,
    0.7025,
    0.7035,
    0.705,
    0.705,
    0.706,
    0.701,
    0.701,
    0.7005,
    0.703,
    0.701,
    0.7015,
    0.7025
  ],
  "val_aurocs": [
    0.6072283089938935,
    0.6278594827467552,
    0.6402517216540726,
    0.6468263526626568,
    0.6518146761546897,
    0.6550022022490468,
    0.6588653141187104,
    0.661105987823398,
    0.663529608779633,
    0.6659429066934607,
    0.6683321175083388,
    0.6708813354805262,
    0.6728570510967659,
    0.6748551333048876,
    0.6764661014227447,
    0.6782433852238264,
    0.6797144187668324,
    0.6811556301873288,
    0.6827706128216775,
    0.68412465188407,
    0.6853559614422895,
    0.6868734486761272,
    0.6879803082231063,
    0.6890756977229663,
    0.6900575337563486,
    0.6913702806491129,
    0.6922850169068495,
    0.693473313788373,
    0.6941351355071367,
    0.695182924311453,
    0.6961458347670892,
    0.6969716781596539,
    0.6979305740987984,
    0.6986612161002758,
    0.6994515023467718,
    0.7001614982634349,
    0.7001718213058419,
    0.701167421395767,
    0.7019817947412128,
    0.7022995150464079,
    0.7030691552080895,
    0.7034430787441674,
    0.7041203850265417,
    0.7044289292940416,
    0.7049020687376983,
    0.7054572190182558,
    0.7058277015401979,
    0.7061465688501048,
    0.7065193453814708,
    0.7068932689175487
  ],
  "learning_rates": [
    0.0001,
    0.0001,
    0.0001,
    0.0001,
    0.0001,
    0.0001,
    0.0001,
    0.0001,
    0.0001,
    0.0001,
    0.0001,
    0.0001,
    0.0001,
    0.0001,
    0.0001,
    0.0001,
    0.0001,
    0.0001,
    0.0001,
    0.0001,
    0.0001,
    0.0001,
    0.0001,
    0.0001,
    0.0001,
    0.0001,
    0.0001,
    0.0001,
    0.0001,
    0.0001,
    0.0001,
    0.0001,
    0.0001,
    0.0001,
    0.0001,
    0.0001,
    0.0001,
    0.0001,
    0.0001,
    0.0001,
    0.0001,
    0.0001,
    0.0001,
    0.0001,
    0.0001,
    0.0001,
    0.0001,
    0.0001,
    0.0001,
    0.0001
  ]
}