{
  "probe_type": "coe_dual_mlp",
  "tasks": [
    "mmlu_test"
  ],
  "datasets": [
    "mmlu_test"
  ],
  "max_samples": 10000,
  "max_samples_k": "10.0k",
  "timestamp": "20251206_034009",
  "initial_lr": 0.0001,
  "best_val_loss": 0.6422910876572132,
  "best_val_acc": 0.638,
  "best_val_auroc": 0.582940758905524,
  "epochs": 50,
  "train_losses": [
    0.7149206693210299,
    0.6937774741460406,
    0.6860733732344613,
    0.6828253448955597,
    0.6803112077334571,
    0.67784046086054,
    0.6754868314379737,
    0.6738251116540697,
    0.6719082830444215,
    0.6702636262727162,
    0.6682605090595427,
    0.6663641201125251,
    0.6651260843352665,
    0.6638201494065542,
    0.6621349189016554,
    0.6601788429986863,
    0.6585867111645047,
    0.6572924530695355,
    0.6559394020882864,
    0.6541023339544024,
    0.6533550733611697,
    0.6516395759960961,
    0.6508491663705736,
    0.6488713432872106,
    0.6477635871796381,
    0.6465993069467091,
    0.6454058450365824,
    0.6443694915090289,
    0.6427462460502745,
    0.6416716755382599,
    0.6404278533799308,
    0.6393560057594663,
    0.6385175841195243,
    0.6374073634071956,
    0.6365346482821873,
    0.635002887438214,
    0.6343790775253659,
    0.6334570409759642,
    0.6323796813450162,
    0.6314302891019791,
    0.6306098377893842,
    0.6297550759618245,
    0.6288632267997378,
    0.6277689621562049,
    0.6267241873438396,
    0.6260896400799827,
    0.6250393683948214,
    0.6241080070298816,
    0.6238950065204075,
    0.6224571986803933
  ],
  "val_losses": [
    0.7044514045119286,
    0.6992771662771702,
    0.697979599237442,
    0.6967661157250404,
    0.6948257610201836,
    0.6930805519223213,
    0.6912369802594185,
    0.6896189674735069,
    0.6878856495022774,
    0.6865935027599335,
    0.6847199574112892,
    0.6831792071461678,
    0.681687954813242,
    0.6801218539476395,
    0.6786756478250027,
    0.677486777305603,
    0.6759061627089977,
    0.6747248880565166,
    0.6735995970666409,
    0.6717697009444237,
    0.6711827479302883,
    0.66968609765172,
    0.6687578894197941,
    0.6673415116965771,
    0.666218314319849,
    0.6649090014398098,
    0.6641407422721386,
    0.662916075438261,
    0.6616992093622684,
    0.6606370136141777,
    0.659533679485321,
    0.6586025469005108,
    0.657537717372179,
    0.6565551459789276,
    0.6555471830070019,
    0.6544171720743179,
    0.6533788852393627,
    0.6531306281685829,
    0.6517094448208809,
    0.6510475464165211,
    0.6499866247177124,
    0.6487959548830986,
    0.6481118127703667,
    0.6469625160098076,
    0.6465159244835377,
    0.6458549909293652,
    0.645039539784193,
    0.643876638263464,
    0.6432373151183128,
    0.6422910876572132
  ],
  "val_accuracies": [
    0.488,
    0.5065,
    0.514,
    0.518,
    0.5215,
    0.527,
    0.5275,
    0.5365,
    0.5365,
    0.5425,
    0.547,
    0.5485,
    0.5525,
    0.5565,
    0.5605,
    0.562,
    0.5665,
    0.566,
    0.5715,
    0.5755,
    0.5745,
    0.58,
    0.5855,
    0.5885,
    0.5905,
    0.5885,
    0.593,
    0.5955,
    0.6,
    0.6015,
    0.6045,
    0.6065,
    0.607,
    0.609,
    0.613,
    0.6115,
    0.614,
    0.615,
    0.6185,
    0.6205,
    0.623,
    0.628,
    0.6275,
    0.629,
    0.6295,
    0.6315,
    0.634,
    0.6365,
    0.638,
    0.638
  ],
  "val_aurocs": [
    0.4888202929310312,
    0.5241573691657584,
    0.5372754498173961,
    0.542923860876881,
    0.546570560622574,
    0.5497918220233656,
    0.5521663894147115,
    0.5546293906193235,
    0.5566962322415343,
    0.558655519225989,
    0.5602395600298284,
    0.5617937245454024,
    0.5630640643224536,
    0.5643128931719535,
    0.5653866469722174,
    0.5664795215969712,
    0.5676136254995315,
    0.5685863974454578,
    0.5694982217633224,
    0.5701232337138378,
    0.5710350580317023,
    0.5717473087439531,
    0.5724189277041626,
    0.5730582802730453,
    0.5737036080995812,
    0.5744110786057095,
    0.5750265301439798,
    0.5756850035373525,
    0.5761020765215397,
    0.5766213264115949,
    0.5770180835197614,
    0.5773819767108357,
    0.5777285416547161,
    0.5780655461863515,
    0.5784324270062524,
    0.5787760043213063,
    0.5792522323562592,
    0.579274938335341,
    0.5798204793590699,
    0.5799310216256525,
    0.5802811717241247,
    0.5808679420256602,
    0.5810029828486204,
    0.5814355915027056,
    0.5815276104705634,
    0.5816339700567889,
    0.5818275684047496,
    0.5823940228302644,
    0.5825039675710817,
    0.582940758905524
  ],
  "learning_rates": [
    0.0001,
    0.0001,
    0.0001,
    0.0001,
    0.0001,
    0.0001,
    0.0001,
    0.0001,
    0.0001,
    0.0001,
    0.0001,
    0.0001,
    0.0001,
    0.0001,
    0.0001,
    0.0001,
    0.0001,
    0.0001,
    0.0001,
    0.0001,
    0.0001,
    0.0001,
    0.0001,
    0.0001,
    0.0001,
    0.0001,
    0.0001,
    0.0001,
    0.0001,
    0.0001,
    0.0001,
    0.0001,
    0.0001,
    0.0001,
    0.0001,
    0.0001,
    0.0001,
    0.0001,
    0.0001,
    0.0001,
    0.0001,
    0.0001,
    0.0001,
    0.0001,
    0.0001,
    0.0001,
    0.0001,
    0.0001,
    0.0001,
    0.0001
  ]
}