{
  "probe_type": "max",
  "tasks": [
    "mmlu_test"
  ],
  "datasets": [
    "mmlu_test"
  ],
  "max_samples": 10000,
  "max_samples_k": "10.0k",
  "timestamp": "20251206_033346",
  "initial_lr": 0.0001,
  "best_val_loss": 0.5481393877416849,
  "best_val_acc": 0.7215,
  "best_val_auroc": 0.7186575431736723,
  "epochs": 50,
  "train_losses": [
    0.643306971542419,
    0.5968606462554326,
    0.5861816094035194,
    0.5795139008098178,
    0.5754031671418084,
    0.5704844106757452,
    0.5686122741964128,
    0.5650162564383613,
    0.5617538501345922,
    0.5591600731251731,
    0.5593651414863647,
    0.5553190471634032,
    0.5529969902265639,
    0.5515030376494877,
    0.5481721309442369,
    0.5485157734817929,
    0.5447992540541149,
    0.544491370992055,
    0.5418131526500459,
    0.5405703177527775,
    0.5387514394427103,
    0.5382611973891183,
    0.5364721114673312,
    0.536365331638427,
    0.5336197501137143,
    0.5358734291697306,
    0.5321374440950061,
    0.5295022319233607,
    0.5283340546819899,
    0.5282673069408962,
    0.5264812901852622,
    0.5257111399892777,
    0.5249406955544911,
    0.5242982738547854,
    0.5233475220581841,
    0.5217832293775346,
    0.5213400078198266,
    0.5201958039450267,
    0.5187469578924633,
    0.5190435340480198,
    0.5164348979791006,
    0.5154082022962116,
    0.5150224027179536,
    0.513420736032819,
    0.5143456255632733,
    0.5126678976747725,
    0.5111931576615288,
    0.5115002076777201,
    0.5087190085933322,
    0.5092571164880481
  ],
  "val_losses": [
    0.5984511412680149,
    0.581027053296566,
    0.5747547000646591,
    0.5754186511039734,
    0.5684416815638542,
    0.5683552417904139,
    0.5671267807483673,
    0.5637661870568991,
    0.5638493206351995,
    0.5611283984035254,
    0.5608154311776161,
    0.566920556128025,
    0.5593350641429424,
    0.5603023115545511,
    0.5581243205815554,
    0.5580785181373358,
    0.5566900949925184,
    0.5557989776134491,
    0.5557080321013927,
    0.5551387295126915,
    0.5545600838959217,
    0.5533074513077736,
    0.5582965239882469,
    0.5531496033072472,
    0.5554183851927519,
    0.5559696517884731,
    0.5522232409566641,
    0.5522365812212229,
    0.5525487940758467,
    0.5529726650565863,
    0.5520737450569868,
    0.5517896078526974,
    0.5537415072321892,
    0.5514713358134031,
    0.5514732617884874,
    0.5521676037460566,
    0.5495791155844927,
    0.5498825088143349,
    0.5505256708711386,
    0.5526744741946459,
    0.5493554454296827,
    0.5493168774992228,
    0.5491687804460526,
    0.5487904138863087,
    0.5486240778118372,
    0.5499784126877785,
    0.5488557275384665,
    0.55025340244174,
    0.5501348339021206,
    0.5481393877416849
  ],
  "val_accuracies": [
    0.6985,
    0.6955,
    0.6995,
    0.6985,
    0.7155,
    0.7055,
    0.7185,
    0.713,
    0.7065,
    0.7175,
    0.717,
    0.7035,
    0.717,
    0.714,
    0.719,
    0.717,
    0.718,
    0.7185,
    0.719,
    0.717,
    0.721,
    0.719,
    0.7075,
    0.725,
    0.716,
    0.7165,
    0.7245,
    0.7165,
    0.714,
    0.7205,
    0.7175,
    0.7185,
    0.716,
    0.715,
    0.7215,
    0.715,
    0.724,
    0.723,
    0.719,
    0.7155,
    0.7255,
    0.7245,
    0.7235,
    0.7255,
    0.7195,
    0.715,
    0.715,
    0.715,
    0.715,
    0.7215
  ],
  "val_aurocs": [
    0.6098361918303268,
    0.6597659883290383,
    0.670177434165704,
    0.6753766403033266,
    0.6817749340916497,
    0.6841766640007109,
    0.688832015166326,
    0.6918297342930775,
    0.6936342901152285,
    0.6970514529458811,
    0.6978903403536835,
    0.6990681003584229,
    0.7011214787167868,
    0.7007055896205456,
    0.7028359844782132,
    0.7030504458070441,
    0.706256701916526,
    0.7071026985396487,
    0.7076275956041352,
    0.7080754761693179,
    0.7089949346840843,
    0.7112236736870169,
    0.7105210462395213,
    0.7112852868864599,
    0.7111122959803312,
    0.7110583844308184,
    0.7125981219822862,
    0.7132948250836815,
    0.7138398649249089,
    0.7129808347403656,
    0.7131324980005332,
    0.7142439053289493,
    0.7142551615865399,
    0.715999881513078,
    0.715704849077283,
    0.7140039693118873,
    0.7171894902100181,
    0.7162629224799313,
    0.715422850202909,
    0.7175473207144761,
    0.7168103320595989,
    0.7166758494031221,
    0.7173980271927485,
    0.7178933025267337,
    0.7181409401937261,
    0.7171343937912853,
    0.7182653514618325,
    0.7184875144405936,
    0.7184027962913593,
    0.7186575431736723
  ],
  "learning_rates": [
    0.0001,
    0.0001,
    0.0001,
    0.0001,
    0.0001,
    0.0001,
    0.0001,
    0.0001,
    0.0001,
    0.0001,
    0.0001,
    0.0001,
    0.0001,
    0.0001,
    0.0001,
    0.0001,
    0.0001,
    0.0001,
    0.0001,
    0.0001,
    0.0001,
    0.0001,
    0.0001,
    0.0001,
    0.0001,
    0.0001,
    0.0001,
    0.0001,
    0.0001,
    0.0001,
    0.0001,
    0.0001,
    0.0001,
    0.0001,
    0.0001,
    0.0001,
    0.0001,
    0.0001,
    0.0001,
    0.0001,
    0.0001,
    0.0001,
    0.0001,
    0.0001,
    0.0001,
    0.0001,
    0.0001,
    0.0001,
    0.0001,
    0.0001
  ]
}