{
  "probe_type": "hs_last_mlp",
  "tasks": [
    "mmlu_test"
  ],
  "datasets": [
    "mmlu_test"
  ],
  "max_samples": 10000,
  "max_samples_k": "10.0k",
  "timestamp": "20251206_190531",
  "initial_lr": 0.0001,
  "best_val_loss": 0.5548031646758318,
  "best_val_acc": 0.7005,
  "best_val_auroc": 0.7053828051384765,
  "epochs": 32,
  "train_losses": [
    0.5998778683798653,
    0.5760388875764514,
    0.5691409129945059,
    0.5638653073045943,
    0.5589581666484712,
    0.5549215579789782,
    0.5494803138195522,
    0.5479210388092768,
    0.5443709899508764,
    0.5417806704839071,
    0.5387860967053307,
    0.5404195000254919,
    0.5347262100567893,
    0.5332718519937425,
    0.5299948439711616,
    0.5284040627025423,
    0.5276067034592704,
    0.5246145554951259,
    0.522920224401686,
    0.5218054283232916,
    0.5214231572453938,
    0.517529204724327,
    0.5167458450037336,
    0.515993230872684,
    0.5150188945588612,
    0.5150528786674379,
    0.5137060388686165,
    0.5136301929042453,
    0.5124350805131216,
    0.5117009830853295,
    0.5102340361428639,
    0.5103012304457407
  ],
  "val_losses": [
    0.5816311873495579,
    0.5777256060391665,
    0.5802498981356621,
    0.564952414482832,
    0.5657629929482937,
    0.5620971135795116,
    0.5596497002989054,
    0.559278691187501,
    0.5594340804964304,
    0.5585757922381163,
    0.5669206939637661,
    0.5574681367725134,
    0.5618180558085442,
    0.5565972123295069,
    0.5557597633451223,
    0.5557540021836758,
    0.5557974930852652,
    0.5585470423102379,
    0.557395912706852,
    0.5560297891497612,
    0.556488761678338,
    0.5558359455317259,
    0.5593612734228373,
    0.5548031646758318,
    0.5553986076265574,
    0.5550025478005409,
    0.5567892827093601,
    0.5555262044072151,
    0.5551375616341829,
    0.554912555962801,
    0.5554185062646866,
    0.5549802538007498
  ],
  "val_accuracies": [
    0.6975,
    0.704,
    0.6915,
    0.6935,
    0.7085,
    0.705,
    0.702,
    0.704,
    0.694,
    0.7095,
    0.694,
    0.7075,
    0.702,
    0.7025,
    0.702,
    0.7,
    0.7015,
    0.7055,
    0.7025,
    0.706,
    0.706,
    0.7055,
    0.7075,
    0.7005,
    0.7,
    0.6985,
    0.6955,
    0.7005,
    0.7035,
    0.705,
    0.699,
    0.704
  ],
  "val_aurocs": [
    0.6550882850121454,
    0.6729086466752845,
    0.6853286835139756,
    0.6915540908466744,
    0.6935084828425453,
    0.6968389988209724,
    0.6991704191939998,
    0.7005785047658281,
    0.7014988801606129,
    0.7029318247463197,
    0.7039445336212244,
    0.7031585152776396,
    0.703127737450933,
    0.7035278491981192,
    0.704869052184989,
    0.7045967867948919,
    0.7048098640567069,
    0.7046547911606081,
    0.7048903599111704,
    0.7035562594996945,
    0.7042150233674731,
    0.7036947597198744,
    0.7037533559668736,
    0.7053828051384765,
    0.7051010696478544,
    0.7047790862300003,
    0.7056657243916644,
    0.7050702918211478,
    0.7046358509595578,
    0.7047270006771122,
    0.7049744070533308,
    0.7048299880203228
  ],
  "learning_rates": [
    0.0001,
    0.0001,
    0.0001,
    0.0001,
    0.0001,
    0.0001,
    0.0001,
    0.0001,
    0.0001,
    0.0001,
    0.0001,
    0.0001,
    0.0001,
    0.0001,
    0.0001,
    0.0001,
    0.0001,
    0.0001,
    0.0001,
    0.0001,
    0.0001,
    5e-05,
    5e-05,
    5e-05,
    5e-05,
    5e-05,
    5e-05,
    5e-05,
    5e-05,
    5e-05,
    2.5e-05,
    2.5e-05
  ]
}