{
  "probe_type": "mean",
  "tasks": [
    "mmlu_test"
  ],
  "datasets": [
    "mmlu_test"
  ],
  "max_samples": 10000,
  "max_samples_k": "10.0k",
  "timestamp": "20251206_191618",
  "initial_lr": 0.0001,
  "best_val_loss": 0.5711060650646687,
  "best_val_acc": 0.7035,
  "best_val_auroc": 0.7061660679302071,
  "epochs": 50,
  "train_losses": [
    0.6271134501411801,
    0.5972787255332583,
    0.5922501844073099,
    0.5872324932189215,
    0.5832145819588314,
    0.581002672513326,
    0.5774711640108199,
    0.5757408217778281,
    0.5747277150078426,
    0.5721763500145504,
    0.5712186221092467,
    0.5694974272970169,
    0.5685339910643441,
    0.5665033809722416,
    0.5655331554866972,
    0.5646259647513193,
    0.5637227287368168,
    0.5623799907782722,
    0.5618482530117035,
    0.5618461256935483,
    0.5603334354975867,
    0.5600009570046077,
    0.5581575296227894,
    0.558351959500994,
    0.5573353890388731,
    0.5567391410706535,
    0.5563161647509015,
    0.5555397953305926,
    0.5540638234880235,
    0.5546596069184561,
    0.552219443851047,
    0.5532709615571159,
    0.5515516565905677,
    0.5512482637450808,
    0.5505705177783966,
    0.5511362997312395,
    0.5491966586264353,
    0.5491272769277058,
    0.5482106554129768,
    0.5476859770123921,
    0.5475478910264515,
    0.5465332894098192,
    0.5462794966167874,
    0.5458465048245021,
    0.5456249311802879,
    0.5449730200426919,
    0.5437617590503087,
    0.5441241056200058,
    0.5438501276667156,
    0.542834684962318
  ],
  "val_losses": [
    0.6176575347781181,
    0.6125268414616585,
    0.6083824224770069,
    0.6036814860999584,
    0.6016646958887577,
    0.5983377024531364,
    0.5959140732884407,
    0.5943951681256294,
    0.5935138463973999,
    0.5916312336921692,
    0.5908375643193722,
    0.5899058543145657,
    0.5884472280740738,
    0.5885771848261356,
    0.587264459580183,
    0.5862580761313438,
    0.5855517238378525,
    0.5851191058754921,
    0.5850155986845493,
    0.5832126513123512,
    0.5827548652887344,
    0.5829236023128033,
    0.5813853889703751,
    0.5824861750006676,
    0.5802061893045902,
    0.5802989527583122,
    0.5805670358240604,
    0.5794690325856209,
    0.579348873347044,
    0.5779134668409824,
    0.577849518507719,
    0.5766407884657383,
    0.5768683515489101,
    0.576216634362936,
    0.5764509811997414,
    0.5750377029180527,
    0.5753858871757984,
    0.5744741000235081,
    0.5745190046727657,
    0.5740817226469517,
    0.5738189965486526,
    0.5748487524688244,
    0.5741669423878193,
    0.5734028965234756,
    0.5723878405988216,
    0.5717331543564796,
    0.5732575953006744,
    0.571230199187994,
    0.5712863132357597,
    0.5711060650646687
  ],
  "val_accuracies": [
    0.679,
    0.679,
    0.679,
    0.679,
    0.679,
    0.6805,
    0.6825,
    0.682,
    0.6835,
    0.687,
    0.687,
    0.686,
    0.6905,
    0.687,
    0.6885,
    0.6895,
    0.6885,
    0.6905,
    0.6865,
    0.694,
    0.693,
    0.693,
    0.699,
    0.6905,
    0.7,
    0.697,
    0.693,
    0.6965,
    0.6955,
    0.703,
    0.7005,
    0.7065,
    0.7035,
    0.706,
    0.6975,
    0.705,
    0.702,
    0.706,
    0.7055,
    0.706,
    0.706,
    0.697,
    0.699,
    0.703,
    0.705,
    0.7065,
    0.7005,
    0.705,
    0.7045,
    0.7035
  ],
  "val_aurocs": [
    0.6089803586913135,
    0.6253446749159246,
    0.6366753609623829,
    0.6458101064879176,
    0.6502180455957314,
    0.6544481989732014,
    0.6581157465394868,
    0.6607142857142857,
    0.6626148725218964,
    0.6654078289953615,
    0.6680516748562803,
    0.670412210553361,
    0.6725628443881648,
    0.674171518496598,
    0.676144366601058,
    0.6778132584568658,
    0.6789659981923205,
    0.6804852059332259,
    0.6818575970710088,
    0.683543120495139,
    0.6849315696988884,
    0.6860533403071221,
    0.6873723957258017,
    0.6883163806036916,
    0.689768488568951,
    0.6906780633054841,
    0.6916639138553582,
    0.6925023742997536,
    0.693474460793085,
    0.6946960208112536,
    0.695282713721388,
    0.6963333700374841,
    0.6970026472868751,
    0.697891575938594,
    0.6985189875160007,
    0.6992117783619857,
    0.6998569685124266,
    0.7005635234149543,
    0.7010768080235275,
    0.7017724663812919,
    0.7021813735610826,
    0.7027296418133686,
    0.7030393330855803,
    0.7038238843085167,
    0.7040888423969645,
    0.7047655751769829,
    0.7049594189732932,
    0.705366605646016,
    0.7057967324129768,
    0.7061660679302071
  ],
  "learning_rates": [
    0.0001,
    0.0001,
    0.0001,
    0.0001,
    0.0001,
    0.0001,
    0.0001,
    0.0001,
    0.0001,
    0.0001,
    0.0001,
    0.0001,
    0.0001,
    0.0001,
    0.0001,
    0.0001,
    0.0001,
    0.0001,
    0.0001,
    0.0001,
    0.0001,
    0.0001,
    0.0001,
    0.0001,
    0.0001,
    0.0001,
    0.0001,
    0.0001,
    0.0001,
    0.0001,
    0.0001,
    0.0001,
    0.0001,
    0.0001,
    0.0001,
    0.0001,
    0.0001,
    0.0001,
    0.0001,
    0.0001,
    0.0001,
    0.0001,
    0.0001,
    0.0001,
    0.0001,
    0.0001,
    0.0001,
    0.0001,
    0.0001,
    0.0001
  ]
}