{
  "probe_type": "coe_dual_mlp",
  "tasks": [
    "mmlu_test"
  ],
  "datasets": [
    "mmlu_test"
  ],
  "max_samples": 10000,
  "max_samples_k": "10.0k",
  "timestamp": "20251206_194121",
  "initial_lr": 0.0001,
  "best_val_loss": 0.6168681047856808,
  "best_val_acc": 0.699,
  "best_val_auroc": 0.5325615690548576,
  "epochs": 50,
  "train_losses": [
    5.024173903086829,
    2.0244695099573287,
    0.7081299935068402,
    0.6374894276497856,
    0.6352493422372001,
    0.6343720753987631,
    0.6344707560917687,
    0.6316724987257094,
    0.6313164943740481,
    0.6297255328723362,
    0.6286130131237091,
    0.6272740354613652,
    0.6267208154239352,
    0.6259243904598175,
    0.6243536112800477,
    0.6238625484799581,
    0.622961786058214,
    0.6213462769039093,
    0.6210363497809758,
    0.6196175946129693,
    0.6196542855293031,
    0.6187953532688202,
    0.6183585940845429,
    0.6182193841253009,
    0.6173650546679421,
    0.6170213459030031,
    0.6163807605940198,
    0.615983075565762,
    0.6154005669412159,
    0.6148625754174732,
    0.6156044422634064,
    0.6148189372486539,
    0.6151323337403555,
    0.6149723208139813,
    0.6142434780559842,
    0.6138105856047736,
    0.6135093333229186,
    0.6142738575027102,
    0.6144525068146842,
    0.6129015636822533,
    0.613073017862108,
    0.612979413024963,
    0.6131226354175143,
    0.6126719145547777,
    0.6120974951320224,
    0.6121598538898286,
    0.6114983766797989,
    0.6117264685176668,
    0.610452601833949,
    0.6109494623683748
  ],
  "val_losses": [
    3.450089544057846,
    0.9604450762271881,
    0.6602091193199158,
    0.6558202989399433,
    0.6544537916779518,
    0.6528682969510555,
    0.6512688621878624,
    0.649589903652668,
    0.6478927358984947,
    0.6461584009230137,
    0.6445172317326069,
    0.6427971683442593,
    0.641171183437109,
    0.63956094160676,
    0.6380009390413761,
    0.6364931911230087,
    0.6351795606315136,
    0.63364702090621,
    0.6323489584028721,
    0.6312038823962212,
    0.630253866314888,
    0.6290233433246613,
    0.628038726747036,
    0.6271612867712975,
    0.62628373503685,
    0.6254734136164188,
    0.6249667219817638,
    0.624754048883915,
    0.6236545294523239,
    0.6230278462171555,
    0.622733898460865,
    0.6230451241135597,
    0.6221402660012245,
    0.6213743761181831,
    0.6207808256149292,
    0.6207600310444832,
    0.6220666132867336,
    0.6198063902556896,
    0.6196217872202396,
    0.620474211871624,
    0.6192529238760471,
    0.6186317503452301,
    0.6187545917928219,
    0.6182800866663456,
    0.6178856194019318,
    0.6181623563170433,
    0.6177265420556068,
    0.6173878014087677,
    0.6178668141365051,
    0.6168681047856808
  ],
  "val_accuracies": [
    0.298,
    0.374,
    0.632,
    0.649,
    0.649,
    0.65,
    0.652,
    0.6515,
    0.657,
    0.658,
    0.6585,
    0.666,
    0.665,
    0.668,
    0.6705,
    0.6695,
    0.6685,
    0.674,
    0.6745,
    0.674,
    0.6735,
    0.6795,
    0.678,
    0.681,
    0.6815,
    0.684,
    0.6815,
    0.6795,
    0.6835,
    0.69,
    0.686,
    0.682,
    0.6865,
    0.688,
    0.6895,
    0.6885,
    0.6825,
    0.693,
    0.6935,
    0.688,
    0.6935,
    0.6975,
    0.693,
    0.7,
    0.699,
    0.7005,
    0.6955,
    0.698,
    0.701,
    0.699
  ],
  "val_aurocs": [
    0.48986237786573356,
    0.5286597258073767,
    0.5368661446681581,
    0.5374529149696935,
    0.5372593166217328,
    0.5370740836344863,
    0.5368721199258112,
    0.5366163788982581,
    0.5363917092105012,
    0.5361216275645806,
    0.5358348151972314,
    0.5357451863324346,
    0.5352516300502878,
    0.5349934989196734,
    0.5348285818084476,
    0.5341880341880342,
    0.533809202852827,
    0.5335522667737432,
    0.5331268284288417,
    0.5325089867875104,
    0.5320919138033231,
    0.5321719822558748,
    0.5314382206160729,
    0.5314740721619917,
    0.5308610107267826,
    0.5306614371211686,
    0.5299264804298361,
    0.5292166198206466,
    0.5293379175510048,
    0.5299097497084074,
    0.5288449587946232,
    0.5282838821009962,
    0.5284589571502323,
    0.528750549723704,
    0.5288043270425821,
    0.5286059484884988,
    0.5277634371594103,
    0.5292010841507486,
    0.5292703971395246,
    0.5285366354997227,
    0.5293743666226889,
    0.5300919950668272,
    0.5298344614619782,
    0.5311179468058663,
    0.5310701447446414,
    0.532051282051282,
    0.531115556702805,
    0.531732203292606,
    0.5332887579112411,
    0.5325615690548576
  ],
  "learning_rates": [
    0.0001,
    0.0001,
    0.0001,
    0.0001,
    0.0001,
    0.0001,
    0.0001,
    0.0001,
    0.0001,
    0.0001,
    0.0001,
    0.0001,
    0.0001,
    0.0001,
    0.0001,
    0.0001,
    0.0001,
    0.0001,
    0.0001,
    0.0001,
    0.0001,
    0.0001,
    0.0001,
    0.0001,
    0.0001,
    0.0001,
    0.0001,
    0.0001,
    0.0001,
    0.0001,
    0.0001,
    0.0001,
    0.0001,
    0.0001,
    0.0001,
    0.0001,
    0.0001,
    0.0001,
    0.0001,
    0.0001,
    0.0001,
    0.0001,
    0.0001,
    0.0001,
    0.0001,
    0.0001,
    0.0001,
    0.0001,
    0.0001,
    0.0001
  ]
}