{
  "softmax": {
    "mixed_4000samples": {
      "accuracy": 0.6975,
      "best_val_loss": 0.5832654452323913,
      "layer_weights": [
        0.025508595630526543,
        0.025489434599876404,
        0.02521767094731331,
        0.0251749400049448,
        0.025205692276358604,
        0.025215689092874527,
        0.025215039029717445,
        0.025230716913938522,
        0.025367852300405502,
        0.02531905472278595,
        0.02530498616397381,
        0.025389133021235466,
        0.025289924815297127,
        0.025393718853592873,
        0.02537074126303196,
        0.025298792868852615,
        0.025424521416425705,
        0.025724263861775398,
        0.026013990864157677,
        0.025804098695516586,
        0.026368895545601845,
        0.026386616751551628,
        0.030183639377355576,
        0.037948574870824814,
        0.041185833513736725,
        0.04141061380505562,
        0.04243851825594902,
        0.041508954018354416,
        0.04060674086213112,
        0.040585100650787354,
        0.042228881269693375,
        0.041267912834882736,
        0.0399208702147007
      ],
      "total_samples": 4000,
      "max_samples": 4000
    }
  },
  "dirichlet": {}
}